asin,Name,Price,Avg Rating,# of Ratings
B018MGKXQY,"YUM Dinger Classic Worm All-Purpose Soft Plastic Bass Fishing Lure, 8 Count - Great Texas Rigged, Wacky Style, Carolina Rigged, Pitched, Etc.",3.49,4.7,3293
B07W614F4T,"Dr.Fish 6 Pack Soft Baits, 3.15 Inch Staight Tail Swimbaits for Bass Fishing, Minnow Lures Shad Bait Soft Jerkbait Swim Shad Fluke Bait",7.99,4.2,160
B086TNYTF3,"YUM Dinger Classic Worm All-Purpose Soft Plastic Bass Fishing Lure 100 Pack, 5 Inch",27.99,4.7,448
B0000C6E0N,Zoom Bait Brush Hog Bait-Pack of 8,3.58,4.6,1024
B0BK45ZVL6,"CWSDXM Soft Fishing Lures, 6.5cm/8cm Paddle Tail Swimbaits Soft Plastic Lures Kit for Bass Trout Walleye Crappie 30pcs/40pcs",13.99,5.0,1
B08K8MBK2D,"PLUSINNO Wacky Worm Fishing Lure Kit, Soft Plastic Fishing Lures, Grub Baits Hook Wacky Rig Bass Trout Fishing Worms Lures w/ Tackle Box",24.99,4.5,538
B08D6C422S,QualyQualy Soft Plastic Swimbait Paddle Tail Shad Lure Soft Bass Shad Bait Shad Minnow Paddle Tail Swim Bait for Bass Trout Walleye Crappie 2.75in 3.14in 3.94in 5in,6.99,4.3,1144
B01N6BGJ9K,YUM Wooly Bug Creature Bait Soft Plastic Bass Fishing Lure,3.49,4.5,251
B004BLATRS,Zoom Bait Swimmin Super Fluke Bait-Pack of 5,3.86,4.5,1010
B0BLH7WF1J,"Gefischtter Senko Worms Fishing Soft Plastic Bait Bass Fishing Lures,Crawfish Lure Soft Plastic Worms Fishing Lure Wacky Rig Carolina Rigged Texas Rigged Soft Lures Kit",11.99,4.4,22
B00EO96E12,Berkley PowerBait Fishing Soft Bait,5.99,4.6,1467
B08BBY4RYD,"SundayPro 100PCS Soft Fishing Lures for Bass, Soft Paddle Tail Fishing Swimbaits Lures, Fishing Baits Kit with Box for Fishing Trout Redfish Freshwater Saltwater",13.99,4.1,326
B07SPKXG64,"RUNCL Swimbaits Paddle 10/20/30/40PCS, 2/3/4/5 Inchs Paddle Tail Soft Plastic Bass Lure Baits, ProBite Swimmer, Plastic Bait for Saltwater/Freshwater Fishing",15.33,4.4,1465
B098L935LW,Funzhan Fishing Soft Lures for Bass Artificial Plastic Baits Paddle Tail Swimbaits Creature Shad Proven Colors Natural Oils Portable Box for Crappie Saltwater Freshwater,7.69,3.9,117
B09NMB73T6,"Avlcoaky Paddle Tail Swimbaits Soft Plastic Fishing Lures, 3.54in Swim Baits Bass Lures, 24 Pack - 12 Colors",7.99,4.1,182
B092VHPNP8,"TRUSCEND Pre-Rigged Jig Head Soft Fishing Lures, Paddle Tail Swimbaits for Bass Fishing, Shad or Tadpole Lure with Spinner, Premium Fishing Bait for Saltwater Freshwater, Trout Crappie Fishing",12.99,4.4,7039
B09FGNCB3G,"Soft Plastic Bass Fishing Lure 5.3"" Senko Style Worms-Salt Impregnation, Ribbed Design Slow Sinking Swimbaits",8.99,4.2,15
B095Y6QGRL,"50 Pcs Fishing Lures Fishing Accessories for Freshwater & Saltwater Gear, Eco-Friendly Soft Plastic Fishing Lures for Bass, Hook Slot, Fishing Lures Kit Proven Colors with Free Portable Box",9.99,4.2,77
B0B8RS5SS3,"Delong Lures 6"" Weedless KILR Worm for Bass, Pike, and Anything in Between, Soft Plastic Bass Fishing Lures Baits Tackle",17.99,4.2,179
B00EO96V6U,"Berkley PowerBait Power Nightcrawler Natural, 6"" (13 Count)",5.49,4.5,287
B0B4W6DNR6,"6pcs Soft Plastic Fishing Lures Saltwater Glow Squid Skirts Hoochie Lures with Assist Hooks & Built-in Lead Jig 4.3inch/0.78oz Octopus Hoochies Swimbait for Trolling, Salmon, Bass, Trout Fishing",18.99,4.3,5
B09G9N8FT6,"SPARKLYBASS Soft Plastic Fishing Lures for Bass Lures Stick Worms, Bellows gill Bait 15/24/60PCS Soft Plastic Fishing Lures Kit for Freshwater&Saltwater",15.99,3.8,30
B0BPC5K8KX,"HIGHYUFISH Pre-Rigged Soft Plastic Fishing Lures for Freshwater,Jig Head Fishing Paddle Tail Swimbait,Bass Trout Bait Fishing Lure,Fishing Gifts for Men",16.99,5.0,1
B09XWTR61L,"Dovesun Soft Plastic Swimbait, Fishing Worms Bionic Soft Leech Fishing Minnow Bait Soft Plastic Fishing Lures for Trout Walleye Bass Fishing 2.5in | 3in-12/18/30PCS",14.99,4.1,10
B0084EFJHI,Bobby Garland Crappie Baits,2.96,4.7,2375
B07SR3GTL2,"RUNCL Swimbaits Paddle 10/20/30/40PCS, 2/3/4/5 Inchs Paddle Tail Soft Plastic Bass Lure Baits, ProBite Swimmer, Plastic Bait for Saltwater/Freshwater Fishing",15.33,4.4,1465
B09QXLR29L,WACH AUF 5 Pcs Bionic Fishing Lure Fishing Gear 3D Fish Hook Soft Lures T Tail Artifical Bait Fishing Tackle for Bass Trout Pickerel Freshwater Saltwater Fishing Tackle Set,6.99,5.0,1
B0BBVP9XCT,GOFIYFISH Soft Plastic Fishing Lures Kit 8/30pcs 5inchs Rubber Worms for Fishing Bass Premium Fishing Bait for Saltwater Freshwater,7.98,4.2,3
B08JCPM3BQ,"Soft Plastic Fishing Lures Jig Head Hooks Kit, 110pcs Crappie Tube Jig Heads Worm Lures Fishing Artificial Bait Bass Trout Saltwater Freshwater",11.99,4.5,24
B07PG6XXPN,"Beoccudo Fishing Lures Bass Bait, Soft Plastic Split Tail Lure Set -24pcs Jerk Minnow Swimbait",11.99,4.2,1046
B0BJ1BXHWX,"OJY&DOIIIY Ned Rig Baits with Jig Heads Kit,TRD Soft Plastic Worms for Bass Fishing with Ned Rig Hooks 35/44PCs",14.99,4.8,26
B01N2OIVDF,YUM Craw Chunk Soft Plastic Bait Bass Fishing Lure,2.99,4.5,885
B01E8JC5N8,Z-MAN Z Man Razor Shad 4 5 ',5.49,4.5,412
B08QHS9TBL,"Sidomma One-Stop 390 Pcs Fishing Lures Set with Tackle Box, Soft Plastic Fishing Lures for Bass, Trout, Salmon Freshwater Fishing Gear Fishing Gifts for Men",25.99,4.5,154
B09Q8RY5YG,Fake Maggots Realistic Soft Fishing Lures - Fake Worms for Fishing - Maggots Fishing Bait - Freshwater Saltwater Lake Lunkers Ice Fishing Soft Plastics Lures - Fake Gross Bugs That Look Real 50pcs,7.55,4.0,69
B07V5Y6JX1,"Dr.Fish Soft Plastic Baits, Fork Tail Soft Minnow Lures, 3 to 4-3/4 Inches Soft Swimbaits Jerk Shad Baits",7.99,4.2,825
B0BHTMWLRR,"RTGSE 60pcs 10each Color Dragonfly Larva Soft Silicone Fishing Lures for Bass, Trout,Crappie Soft Plastic Fishing Lure Sinking Deepwater Fishing Accessories for Saltwater Freshwater 2.2 Inch",14.99,4.7,5
B09X3TQCDS,"30pcs Luminous Octopus Skirts Soft Plastic Trolling Lure Squid Skirts Fishing Hoochie Bait Lures Size: 1.97 inches /2.76 inches /3.54 inches (1.97 inches -30pcs, Luminous Orange), Orange,Blue,White",8.99,3.9,6
B07SR8HW56,"Grub Fishing Lures, 60/120/240pcs Soft Plastic Bait for Saltwater / Freshwater, 10 Mixed Colors - 1.6/2.2/2.8 inches",14.49,4.2,410
B09132R8BP,"SANTKOL Soft Plastic Crawfish Bait,Crawdad Plastic Baits Creature Lure Bass Artificial Soft Shrimps Fishing Lure for Freshwater Saltwater 2.5-3.5in 30PCS",16.99,4.0,48
B08V4SHB85,"Fishing Squid Skirts Glow Lures Luminous Octopus SkirtsTrolling Lure Soft Plastic Fishing Bait for Bass Salmon Trout 5cm/1.96in,9cm/3.54in,11cm/4.33in Pack of 20",8.49,4.4,213
B08RS8BG8H,"PLUSINNO Fishing Lures, Trout Pike Walleye Bass Fishing Jig Heads, Pre-Rigged Soft Swimbaits with Ultra-Sharp Hooks, Bass Lures with Paddle Tail, Fishing Bait for Saltwater & Freshwater…",15.99,4.5,315
B09YXHYP51,"Phuayok 30pcs Soft Swimbait,Soft Plastic Fishing Lures,Worms for Fishing,Plastic Soft Lures for Bass Fishing",15.99,4.2,3
B09QFWX8MQ,"Dovesun Bluegill Swimbait, Soft Plastic Fishing Lures Artificial Fishing Bait Free to Adjust The Buoyancy and Counterweight for Trout Pike Bass Fishing 4 Color/ 11Pcs | Mixed 48Pcs",9.99,3.9,58
B071XBD2JK,"YUM Vibra King Tube Soft Plastic Bass Fishing Lure with Fine Ribs for Unique Feel and Vibration, 4.25 Inch Length, 8 per Pack",3.49,4.3,57
B07HHW1LMF,"Berkley 1478934 Powerbait Power Jerk Shad Soft Bait, 5"" Bait Length, White Pearl, Package of 10, 5"" (10 Count)",4.99,4.5,37
B09LHXD7PH,"HOBOHY Pre-Rigged Jig Head Soft Plastic Fishing Lures, with Paddle Tail Swimbait Saltwater & Freshwater for Bass Trout Pike Walleye Fishing Jigs Kit",15.99,4.3,65
B0947QFJ49,"Pingjia LYJE02, 6.5cm/2.55in, T-Tail Soft Lure Bait, Plastic Lure, 12Pack (Red, 6.5)",6.89,3.8,29
B09PTS2ZJK,"Dovesun Crawfish Lure, Soft Plastic Crawfish Lures Bass Fishing Three Colors Fishing Lures Kit 30PCS / 3.5in Artificial Shrimp Bait Suitable Carolina-Texas-Jig Heads Rigs",13.59,4.0,26
B076XYT5S3,Jig Head Soft Plastic Fishing Lures with Hook Sinking Swimbaits for Saltwater and Freshwater (Pack of 10),19.99,4.1,201
B085DM3NP8,"Bobby Garland Baby Shad Swim'R Soft Plastic Fishing Lure, Accessories for Freshwater Fishing, 2"", 15 per Pack, Glacier",3.79,4.7,318
B08WHFVJ7S,Matrix Shad Vortex Shad Paddle Tail Swimbait Soft Plastic Lure for Redfish and Bass,9.98,4.5,50
B09F9DXZL4,"Worm Lures Swimming Bait Soft Plastic Fishing Lure for Bass, Crappie, Trout, Pike, Sea Bass, Redfish, Striper,Fishing Lures for Freshwater & Saltwater",7.99,3.6,7
B00EO97COA,"Berkley PowerBait Pre-Rigged Swim Shad, 4"" (3 Count)",4.99,4.3,48
B08GKKCHGS,"Mgotu Wacky Senko Worms-4'' 5''Soft Plastic Lures,Bass Fishing Baits Kit with Tackle Box Freshwater Saltwater FB03",14.99,4.4,243
B09V6GJN93,"Soft Bionic Fishing Lure,Fishing Equipment bass Lures Fishing Stuff Simulation Loach Soft Bait,Slow Sinking Bionic Swimming Lures,Soft Bionic Lure with Spinning Tail",9.99,3.8,13
B08QYWD25C,Ned-Rig-Kit-Finesse-Baits-Soft-Plastic-Worms-Fising-Lure for Bass Stick Swimbait Minnow Crawfish Lures Shroom Ned Jig Head Kit,19.99,4.4,402
B09XMKMNQK,"Soft Plastic Bait Bass Fishing Lure,Tail Craw,Great for Flipping and Pitching and as a Jig Trailer by JoyFishing,10 per Pack,4 Inch Length Rage Twin Tail Menace Grub Bait",13.49,4.5,3
B0B465NXX3,Drop Shot Baits Finesse Fishing Worms for Bass Fishing Soft Plastic Worms Drop Shot Rig Rubber Worm Straight Tail Stick Bait Shaky Head Lures Wacky Rig Black Green Pumpkin Lure Watermelon Oxblood Red Alive Shad 22 piece Kit 10 Bodies 6 Hooks 6weights,6.99,4.5,27
B076BJM1HY,YUM Finesse Worm Soft Plastic Bait Worm Bait Fishing Lure,3.19,4.6,83
B09H5RP7MC,"Bombrooster Fluke Baits Paddle Tail Swimbaits, 15pcs/25pcs/30pcs/40pcs Soft Plastic Lures Jerkbait for Bass Fishing",16.99,4.4,114
B07H9Q88M8,"Fishing Lures Bass Worm Bait, 50PCS Soft Plastic Fishing Lures T-Tail Grub Worm Baits Fish Tackle Accessory for Saltwater Freshwater Trout Bass Fishing",6.75,4.0,75
B09BDVRQL9,OROOTL Squid Skirt Saltwater Octopus Lures Soft Plastic Fishing Lures Kit Glow Squid Trolling Lure Skirts for Sea Bass Salmon Trout Tuna 7cm 9cm 11cm,10.99,4.4,34
B09SXZ6G9B,5Pcs Crawfish Lures for Bass Soft Plastic Fishing Lures Baits Worm Crawfish Lures Fishing Lures for Bass Fishing Bass Bait,9.99,4.5,2
B0927SFGNZ,Soft Plastiс Mold Lure Making Injection Molds Fishing Lures Yamamoto Zako 4'',24.99,4.3,12
B09XF9DPS4,"KISREL Fishing Lures, Soft Bionic Fishing Lure for Bass Trout Crappie, Fishing Bait for Saltwater Freshwater, Fishing Lures Kits",9.99,3.7,83
B07DYV4N3T,Soft Plastiс Mold Lure Making Injection Molds Fishing Lures V22,15.0,3.2,14
B085D9N8FJ,Bobby Garland Mo' Glo Slab Slay'R Glow-in-The-Dark Soft Plastic Crappie Fishing Lure,4.29,4.6,26
B095KB177B,Funzhan 50Pcs Soft Lures Swimbaits Fishing Bass Plastic Paddle Tail Luya Bait Portable Box Proven Colors for Trout Salmon Redfish Freshwater Saltwater,11.99,4.1,128
B08JVDFXQD,FISHIN ADDICT Nano-Cray 40mm (1.5'') Crayfish Bug Micro Fishing Lure Soft Plastic - 10 Pack,6.99,3.9,11
B09V11M8V9,Piscorush Luminous Octopus Squid Skirts Trolling Lures Soft Plastic Fishing Lures Set Saltwater Bait Lures Multicolored 2'' - 6'',11.99,5.0,3
B07QYDHTGQ,"Senko-Worms-Bass-Fishing-Lure-Kit-Wacky-Rig-Worms-Soft-Plastic-Stick-Baits3 4"" 5"" 6 inch",17.99,4.4,1119
B07DM7QR39,"Tailored Tackle Wacky Worm 5 Inch | 25 PACK BULK BAG | Soft Plastic Stick Bait MADE IN USA | Anise Scent Fishing Worms for Wacky Rig Bass Lures | 8 Colors Green Pumpkin, Red Watermelon, Junebug, Black",12.99,4.6,622
B08RJBVCJ1,"17pcs Grub Fishing Lures Soft Plastic Kit, Curved Tail Fishing Jig Head Hooks Crappie Soft Baits Saltwater Freshwater",8.99,3.4,11
B07HHQ8C2C,"Berkley 1423756 Powerbait Pit Boss Soft Bait, 4"" Bait Length, Green Pumpkin, Package of 8",5.99,4.7,82
B091NRFJGN,"Fishing Lures for Bass, Soft Lure Swimbaits with Hooks, Silicone Artificial Fishing Bait for Saltwater Freshwater Fishing Jigs (10pcs Set)",6.69,4.1,78
B0B9N3LY6D,"SANTKOL Senko Worms for Bass Fishing,Soft Plastic Fishing Lures,30pcs Rubber Fishing Worms, 4-5 inchs Wacky Worms for Bass Freshwater Saltwater Fishing",15.99,4.5,114
B078PRRKM2,"Bait Pegs (100 Pack) - Rubber pegs for Pegging Soft Plastic Fishing Lures to Hooks, jigs, chatterbaits, etc [Select Size]",8.59,4.4,210
B08L3JQZP1,Fluke-Fishing-Lures-Jerk-Shad- Bait Soft Plastic Swimbait for Bass Fishing Pack of 25-30,16.99,4.4,357
B07VQSRS4T,XFISHMAN Crawfish-Lures-Bass-Fishing-Jig-Trailers-Soft Plastic 25/30 pk Shrimp Creature Crawdad Baits Kit 2 Huge Pinchers 3-4in,16.99,4.2,525
B0736XB1CH,Fat Fish Plastisol Injector Soft Plastic Fishing Lure Molds Injector DIY Soft Lure Making Tool,29.95,4.1,135
B0BFDWZ2XF,Bluegill-Swim-Bait-Soft-Plastic-Swimbaits-Small-Bluegill-Sunfish-Weedless-Swimbait-Fishing-Lures-for-Bass-Pike,14.99,4.6,23
B09FPTBVC7,"FISHINGKING Paddle Tail Swimbait, Bass Fishing Soft Plastic Shad Lure 1.97/2.8 Inch 7/9 Pcs, Shrimp Flavor Jerkbait",7.99,4.1,21
B09XXKYPXH,JOHNCOO Shad Crappie Baits Artificial Soft Lures 2 inch Fishing Lures Plastics,6.99,4.4,251
B09NRRN7KW,"5 Pcs Fishing Soft Plastic Mock Lures and baits Set, as Soft Bionic Fishing Lure for Crappie Trout Bass Salmon in Various Saltwater and Freshwater",5.59,3.9,6
B09YH2WD5Q,"plplaaoo Earthworm Bait,Earthworm Fishing Bait,Fishing Soft Lure Earthworm Bait,Lifelike Fake Earthworm Lures,Soft Plastic Fishing Lure Baits,Red Earthworm Fishing Baits for Freshwater",9.39,5.0,1
B0B59V5F61,"Smedioks Premium Soft Plastiс Mold Lure Making Injection Molds Fishing Lures 2 Cavity Baby Rage Craw Bait 3""",35.95,4.2,9
B0B3JWY1XN,"DELONG LURES 9"" Fishing Worms - Weedless Fishing Lure Worms, Prerigged Soft Plastic Worm Fishing Lures for Bass, Pike, Bass Lures Baits Tackle",14.95,3.9,48
B09XDNQW2Z,1.6in/3.3in Fishing Soft Lure Trout Worm Earthworm Bait Lifelike Fake Bloodworm Grub Worm Soft Fishing Lure Baits,7.99,3.8,260
B09ZTW8QD9,"Phuayok 100 pcs Bait Set,Split Plastic Soft Bait,Split Tail Lure Minnows, Worms for bass Fishing (Black Gold)",10.99,3.5,2
B09MD1WV31,"ProBite Paddle Tail Swimbaits,5in Soft Fishing Lures 30pcs - Natural Oils, Ribbed Design, Paddle Tail, Hook Slot - Bass Fishing Lures Baits (38)",16.99,3.5,16
B0B313Y44L,JOHNCOO Fishing Lure 3D Eyes Shad Lure Soft Bait Soft Silicone Bait Swimbaits Plastic Lure,10.99,4.3,507
B0B5LGSBRP,Ned-Rig-Baits-Jig-Heads-Kit-Smallmouth-Bass-Lures-Fishing-Soft-Plastic-Lures Trd Ned Rigs Worms Floating Finesse Small Bass Stick Bait Shroom Jigs Head Hooks for Large Mouth Lure Green Pumpkin White 35-Piece Kit,16.99,4.1,36
B09W2CVJH1,"cdbz 2022 New Soft Bionic Fishing Lure Set,Simulation Loach Soft Lure Fishing Bait Slow Sinking Bionic Fishing Swimming Lures Yellow",10.99,3.8,9
B09M6DZHTP,Goture Soft Lure Lead Jig Head Kit - 40PCS Soft Plastic Fishing Lure with Lead Head Jig Hook Set - Freshwater Tail Swimbaits with Tackle Box for Freshwater Bass Pike,8.99,3.8,9
B0B1CT8B8D,Cheerouters Hoochie Octopus Skirts Trolling Lures Fishing Tackle Soft Plastic Lures Luminous Squid Skirts Saltwater/Bait Lures1.9 '' - 8 ''（22PK）,13.99,4.8,6
B09ZHPQMHQ,"SMASHDIT Paddle Tail Swimbaits, Swim Baits, Soft Plastic Swimbaits - Paddle Tail Shad Bait for Bass Fishing, Swim Bait Plastics, Saltwater Fishing Lures, Soft Plastic Fishing Lures",18.9,3.9,5
B099QPWV69,"SYMEINA 100/60 pcs Paddle Tail Swimbaits Lures, Soft Plastic Fishing Lures Kit, Bass Fishing Bait for Freshwater and Saltwater with Box",8.99,4.1,206
B09B7NN67S,Fishing Squid Skirts Lures Octopus Skirts Trolling Lures Soft Plastic Lures Fishing Tackle Squid Skirts Fishing Bait for Saltwater Bass Salmon Trout,9.99,4.4,29
B09N93N3CZ,"Grub Fishing Lures,12pcs Soft Plastic Stick Bait Wacky Rig Bass Luresfor Saltwater/Freshwater,3 Inches.",5.99,3.9,6
B09WMJMSW3,Soft Bionic Fishing Lures - 10 Pcs With Luminous Fishing Equipment Slow Sinking Soft Bionic Fishing Lure - Bass Lures Fishing Stuff Simulation Loach Soft Bait - Faishing Bait for Saltwater & Freshwater,12.99,5.0,1
B09T377KYW,JOHNCOO Crappie Lures Mini Finesse Leech Soft Shad Baits 1.5in for Panfish,7.99,4.2,33
B0BFVZF58L,"Polsefver 10 Pcs Paddle Tail Swimbaits Minnow Swimbait Shad Lure Bulited in Reflective Stripe, Soft Lifelike Plastic Fishing Lures for Bass Trout Crappie Fishing",7.99,5.0,2
B0B1J4KZKG,"10PCS Soft Plastic Worms, Soft Swimbait Come with Jig Head, Soft Plastic Fishing Lures with a Tackle Box for Trout Walleye Bass Fishing 2.95in",9.99,4.3,53
B09YSZG5J2,"Soft-Bionic-Swimming-Fishing-Lures-Kit,Topwater Simulation Laoch Soft Lure with Spinning Tail Slow Sinking Bass Swimbaits Lifelike Plastic Soft Baits for Freshwater Saltwater Carp Walleye Pike",14.89,2.7,6
B09YQ5SFQ6,"Soft Bionic Fishing Lure Plastic - 6PCS Swimming Bait Bass Loach Realistic Lures for Saltwater, Freshwater(Mix Colors) Soft Swim baits with T-Tail",4.99,2.9,3
B09HPLR4F1,"PINGJIA TTY01, 7.5cm, 14g, Jig Head Fishing Lures, Soft Swimbaits for Bass Fishing，Lure Soft Baits, T-Tail, Jumping Fish Bait (1#2#3#4#5#)",15.99,3.8,14
B09Y8K4878,FishingPepo Soft Plastic Fishing Lure Swim Baits Senko Worms Soft Plastic Lures for Crappie Bass Trout,13.69,3.9,30
B09YCLPZW8,15Pcs Fishing Lures Soft Bait Head Sea Fish Lures with Hook for Bass Trout Pike Walleye for Freshwater Saltwater,4.99,5.0,1
B0B1PNFZ47,"30pcs Soft Plastic Fishing Lures, Bass Trout Worms Lure Wacky Worms for Bass Fishing with Worm Hooks Fishing Tackle Box",18.89,5.0,1
B0BFDV7CDH,ROYHOO 100pcs Luminous Silicone Soft Shrimp Lure Baits Soft Lure Worms Glow Simulation Prawn Shrimps Fishing Tackle Lures baits,9.99,3.0,1
B0BKSFMCZB,Piscorush Luminous Octopus Squid Skirts Trolling Lures Soft Plastic Fishing Lures Set Saltwater Bait Lures Multicolored 2'' - 6'',11.59,5.0,3
B09XCQ6YK6,"QualyQualy Artificial Soft Lures, 50pcs Soft Maggot Baits Small Artificial Soft Worm Lure Life-Like Worms Bass Fishing Baits Accessory",10.99,2.5,2
B09V9CQXB1,"Pure Crappie Pig Tail - White/Chartreuse 2” - 20 Pack – Curly Tail Grub Lure Perfect Soft Plastic Artificial Bait for Crappie, Walleye, Smallmouth Bass and Many Species of Fish",9.99,4.0,2
B0B74W5NXH,Bombrooster Soft Plastic Worms Swimbait Bass Fishing Lures 4.75” 20pcs,18.99,4.5,20
B09CFSLNP6,"Fishing Squid Skirts Octopus Lures, Glow Soft Plastic Fishing Bait Trolling Lure Saltwater for Bass Salmon Trout Multicolored 7cm 9cm 11cm",15.99,4.2,21
B09V2VQHJ8,"Fishing Lures, Bass Fishing Soft Plastics, Trout Pike Walleye Bass Fishing Jig Heads, Pre-Rigged Soft Swimbaits with Ultra-Sharp Hooks, Fishing Bait for Saltwater & Freshwater.",19.98,2.8,4
B097B2X5VF,"Bombrooster Topwater Frog Bait Kit for Bass, Weedless Soft Plastic Fishing Frog Lure with Double Rotatable Feet",12.88,4.1,24
B0B5X4SZH6,"Fishing Lure Baits Paddle Tail Swimbaits, 30pcs/40pcs Soft Plastic Lures Jerkbait with Weighted Hooks for Bass Fishing",17.98,3.5,2
B0BGHZCSKS,Dr.Fish 8 Pack Soft Baits 2-1/3 Inch Soft Plastic Lures Swimbaits Crawfish Lures Grub Craw Bait Crawdad LuresBass Trout Perch Walleye Freshwater,7.89,4.0,1
B0B1CHYJCM,FishForm Aluminum Injector for Soft Plastic Plastisol Bait Forms Fishing Lure Making 7oz and 9.5oz,59.99,4.0,8
B09QGTP3M9,Soft Squid Skirts Octopus Fishing Lures Plastic Hoochie Trolling Bait Lure Saltwater Multicolor 2.75in 3.54in 4.33in,9.99,5.0,5
B0B5WXHGS2,"Soft Plastic Crawfish Lures Kit, Crawfish Fishing Lure Ned Baits with Ned Rig Jig Heads Hooks for Bass Fishing, 2.5inch Pack of 30-40 PCS",17.89,5.0,1
B09XM51WDY,"Bombrooster Finesse Ned Worms Lures,TRD Soft Plastic Fishing Baits 30-Pack",16.98,4.5,94
B09NRJL7LB,"Soft Loach Fishing Lures, Hopping Swimbait, Enlarged Tail, Shrimp Oil Smell, Glitter Chips Bionic Scale Strong Body, Freshwater Saltwater, for Bass Snakehead Pike Trout, 5pc",3.99,3.8,77
B09W2MFCB8,"Soft Loach Fishing Lures,Fake Bait Soft Bionic Fishing Lure, Fishing Stuff Loach Soft Bait Slow Sinking Bionic Swimming Lures,Simulation Loach Soft Lure",5.99,3.0,2
B09ND4CDGR,"FISHINGKING Soft Plastic Shrimp Lures, 2.6 Inch 7 Pcs Topwater Floating Artificial Creature Bionic Bait Jig, Bass Fishing Shrimp Flavor Skirted Dancing Crawfish",7.99,4.0,9
B09Y2Y8GNR,"10Pcs Soft Bait Fishing Lures Bionic Plastic Swimbaits with 3D Eyes, Realistic Artificial Fishing Lures Mock Lure Can Bounce for Saltwater Freshwater Storage Box Included",9.99,5.0,1
B09X1MXJDC,"YYSKY Fishing Lures, Soft Bionic Fishing Lures That for Freshwater, Saltwater, Simulated Loach Apply to Bass, Catfish etc,Suitable for Outdoor Fishing Enthusiasts,Can as a Gift for Father",7.99,4.5,10
B09QCXR76Z,"Dovesun Soft Worms, Bass Fishing Lure Kit Soft Plastic Fishing Worms Wacky Rig Worms Soft Rubber Bait for Freshwater Saltwater Wacky Worms 4 | 5in / 50PCS",13.99,4.1,8
B09QCVPKZS,"Dovesun Soft Plastic Swimbaits, Split Tail Baits Realistic Fishing Lures Kit Bionic Mudfish Bait for Trout Pike Bass Fishing 4in 5PCS | 20PCS Include Fishing Hook 10pcs",7.99,3.9,23
B09C1ZRWFD,"Goture 10pcs Rattle Fishing Soft Lure - Freshwater & Saltwater Bass Fishing Worm Bait Swimbait for Black Bass, Topmouth Culter",8.59,4.1,12
B0BCNXSNTL,Top Water Bass Fishing Frog Lures - Trout Fishing Lures Kit Set Realistic Prop Frog Soft Swimbait Floating Bait with Weedless Hooks for Freshwater Saltwater - Pack of 3,7.99,5.0,4
B098TDPFV1,Pack of 50pcs Glow Soft Plastic Octopus Squid Skirt Fishing Lures Hoochies Trolling Saltwater Soft Fishing Lures Set for Bass Salmon Trout 5cm 10cm 12cm 15cm 10 Colors Included,21.99,4.2,191
B09C8F2FXV,Fishing Lures Squid Skirts Octopus Lures Soft Plastic Trolling Skirt Lure Kit Saltwater Fishing Bait for Bass Trout,11.99,4.1,229
B09MYT3ZJZ,ZRM&E 25pcs Fishing Rattles Worm Jig Fishing Lure Plastic Rattles Shake Metal Ball Rattles Insert Tube Sound Attract Fly Tie Tying 26mm 1.02Inch,7.99,3.0,2
B0B1CDXMXS,FishForm 4oz Aluminum Injector for Soft Bait Fishing Lure Making DIY Soft Lure Making Tool,47.0,4.3,2
B09R4GG5PG,5 PCS Frog Lures Topwater Fishing Artificial Soft Bait 5.5CM Soft Silicone Fishing Lures Prop Frog Lures for Bass Realistic Design with Weedless Hooks for Freshwater Saltwater,6.49,4.3,145
B09H7KTV9R,30PCS 7.5cm/ 3inch Fishing Soft Plastic Lure Octopus Skirt Trolling Squid Skirts Lures for Trolling Fishing,9.99,4.5,17
B09FPS2QLV,"FISHINGKING Soft Stick Bait, Bass Fishing Plastic Worm Lure 4.8 Inch 8 Pcs, Salt Impregnated Shrimp Flavor Senko Style",9.99,4.5,8
B09TKNKKLQ,"Fishing Squid Skirts Glow Soft Lures Luminous Octopus Skirts Trolling Lure Soft Fishing Bait for Bass Salmon Trout 5cm/1.96in,9cm/3.54in,11cm/4.33in Pack of 20",10.49,4.0,19
B09ND4JTSD,"FISHINGKING Soft Crawfish Bait, 2.6 Inch 7 Pcs Topwater Floating Plastic Craw Lure Lobster Artificial Swimbait, Bass Fishing Shrimp Flavor Jerkbait",7.99,4.0,3
B09786VQB4,"45 Pack Soft Worm Kit Soft Plastic Stick Worm Freshwater Saltwater Worm Bait Wacky Worm for Bass Fishing Lures Kit Great for Texas Rigged, Carolina Rigged, Pitched",15.99,5.0,1
B09QKMP12T,"FISHINGKING Paddle Tail Swimbait, 20 Pcs 1.97/2.36/2.76 Inch Soft Body Artificial Bait Plastic Shad Lure for Bass Fishing, Fishy Flavor",8.49,4.2,21
B0B3D98633,"Dovesun Paddle Tail Swimbait, Soft Plastic Swimbait Bass Fishing Lure 5 Colors Shad Minnow Bait Used with Chatterbait-Jig Head Rig Soft Swimbaits 3.7in 4.7in /40-50PCS",16.99,4.0,3
B09YZ47HVH,"Delong Lures 8"" Bass Witch Weedless Worm for Bass, and Pike Bass Fishing Lures Soft Plastic Fishing Gear Bait Tackle Rigged Fishing Worms for Bass Weedless Fishing Lures",19.95,4.1,9
B09MYXNVY6,"Pack of 8 pcs Senko Worms Soft Stick Plastic Lures for Bass,Salt Impreatation Worm Baits for Grub Baits Hook Wacky Rig,Carolina Rig, Texas Rig,no Sinker Rig,splt Shot Rig.(5/6 inches)",8.59,3.5,2
B09WKDYS29,"Soft Bionic Fishing Lure by Kaluofan, Reusable Simulation Loach Soft Lure, Plastic Fishing Lures with Spinning Tail, Suitable for Saltwater and Freshwater 5Pcs",5.99,4.4,8
B0BGHWV4V3,Dr.Fish 8 Pack Soft Baits 2-1/3 Inch Soft Plastic Lures Swimbaits Crawfish Lures Grub Craw Bait Crawdad LuresBass Trout Perch Walleye Freshwater,7.89,4.0,1
B0B2Z7W9J7,"Tolure Paddle Tail Swimbaits 5 Colors Soft Plastic Lures Bellow Body 2.87inch for Bass, Trout, Pike Panfish for Saltwater Freshwater Fishing Baits 3.2g/pc, 10pcs/Pack",6.59,3.8,3
B0B2M8QGNY,Moose Baits Curly Tail Fishing Grubs - 2.5inch Crappie Bait - Trout Bait - Soft Plastic Fishing Grubs - 48 Piece Storage Box,7.1,5.0,1
B0B496F6V2,5pcs Bulk Top Water Fishing Lures Kit Soft Rubber Rat Mouse Mice Bass Fishing Lures Saltwater Topwater Floating Bait and Lure,17.99,4.4,3
B098SWWSYF,KSBASSLURE Frog Soft Lure Lifelike Bass Lure Trout Bait Topwater Freshwater and Saltwater,6.99,3.4,3
B0B84C3CZT,"Phuayok 5Inch Soft Fishing Lures Paddle Tail Swimbaits, T Tail Lures Swimbaits Paddle, 20pcs Soft Plastic Fishing Lures for Saltwater/Freshwater（Green）",9.99,1.0,1
B098NF15H7,"Authentic Handmade Prawn Shrimp Paddle Shad Bait Form 3.2 Soft Plastic Lure molde de cebo, Small",26.99,5.0,3
B09MQTMYVJ,Fat Fish Plastisol Injector Soft Plastic Fishing Lure Molds Injector DIY Soft Lure Making Tool,34.95,4.1,135
B09QKMJMK9,"FISHINGKING Paddle Tail Swimbait, 20 Pcs 1.97/2.36/2.76 Inch Soft Body Artificial Bait Plastic Shad Lure for Bass Fishing, Fishy Flavor",7.99,4.2,21
B09CYRJL47,JDNKLM 10PCS Fishing Soft Lure 3in Plastic Swimbaits with T-Tail Bass Fishing Lures Baits for Saltwater Freshwater (White),9.99,4.5,2
B099RRDZDD,"Fishing Luminous Soft Lures, Silicone Fish Shaped Fishing Artificial Lure Bait Soft Silicone Tiddler Bait Fishing Lure 5cm",6.99,4.2,193
B09R8V6QVH,"Gary Yamamoto 5'' SENKO 297/194 Laminate/#317 (10 Pack), Multicolor (YAM-9-10-912/317)",7.99,5.0,2
B0B6C2DMZK,200Pcs Simulation Fake Soft Baits Corn Carp Bait with Nice Scent Simulation Carp Fishing Lures 5 Colors Artificial Fake Corn Fishing Lure for Freshwater Saltwater,9.59,4.0,1
B09GW9GDM7,ZRUOYI Bass Fishing Senko Worms Kits 60/110 Pcs,19.99,4.5,16
B0BCVMFMM5,Sinrier 2023 Edition Fishing Lures Kit for Freshwater Bait Tackle Kit for Bass Trout Salmon Fishing Accessories Tackle Box Including Spoon Lures Soft Plastic Worms Crankbait Jigs Fishing Hooks,9.99,4.3,130
B09VWXVV2H,"2022 New Soft Bionic Fishing Lure Set,Simulation Loach Soft Lure Fishing Bait Slow Sinking Bionic Fishing Swimming Lures for Saltwater Fishing Stuff Simulation Loach Soft Bait 5pcs, Yellow",6.99,3.4,3
B0B4BKW7V4,DMSHARK Paddle Tail Ribbed Swimbaits 4 inch Soft Plastic Fishing Bass Lures 3 Pcs for Freshwater Saltwater,5.0,5.0,1
B09TK9S375,"Sougayilang Saltwater Fishing Lures Shrimp Baits Set, 12Pcs Soft Luminous Shrimp Bait Shrimp Lures Fishing Bait with Sharp Hooks for Freshwater and Saltwater",13.99,4.3,227
B0B4ZSH7PG,QualyQualy Fishing 2pcs Luminous Squid Lures Skirts Jig Fishing Octopus Skirts Bait Kit with Hook for Saltwater Trout Bass Soft Fishing Squid Lures Octopus Jig 1.25oz（35g） A B C D E F,12.99,4.6,3
B09TFP42VG,"50pcs Soft Plastic Fishing Lure Set, Lifelike Worm Swim Bait, Spiral Needle Tail, Shrimp Oil Smell, Glitter Chips Bionic Strong Body, Freshwater Saltwater, for Bass Snakehead Pike Trout",8.88,4.6,3
B09M6D47WB,Goture Soft Lure Lead Jig Head Kit - 40PCS Soft Plastic Fishing Lure with Lead Head Jig Hook Set - Freshwater Tail Swimbaits with Tackle Box for Freshwater Bass Pike,8.99,3.8,9
B09V9KDCTF,"Pure Crappie Pig Tail Pro - Blue w/Silver Flake/Chartreuse 2.5” - 20 Pack – Curly Tail Grub Lure Perfect Soft Plastic Artificial Bait for Crappie, Walleye, Smallmouth Bass and Many Species of Fish",9.99,4.5,2
B09V95GRPG,"Pure Crappie Pig Tail Pro - Black/Chartreuse 2.5” - 20 Pack – Curly Tail Grub Lure Perfect Soft Plastic Artificial Bait for Crappie, Walleye, Smallmouth Bass and Many Species of Fish",9.99,2.9,4
B09M8174PL,"Soft Fishing Lures, OUSGAOLO(20+1PCS) Paddle Tail Swimbaits for Bass Fishing with a 5g Tumbler Lead Head Hook Premium Bass Fishing Bait for Freshwater Saltwater, Trout Redfish",4.99,4.1,6
B099F2H5BQ,"Mgotu Wacky Senko Worms-4'' 5''Soft Plastic Lures,Bass Fishing Baits Kit with Tackle Box Freshwater Saltwater FB03",14.99,4.4,243
B09QLZCYMW,"nako. 8 Piece Drummer 1.0 Craw Plastic Bait 3"", Crawfish Fishing Lure Soft Bait, Craw Lures for Bass Fishing",5.99,4.2,25
B09J4FDNZ3,Avlcoaky Jig Heads Lure Swimbait for Bass Fishing Saltwater Freshwater Soft Plastic Swim Baits Lures,5.99,4.5,25
B09XKF617P,"HYJPZX 10 Soft Bionic Loach Lures and 5 Lead Hooks 5 Round Hooks, Creative Realistic Bass Bait Fishing Equipment, Simulated Bait Can Bounce, Suitable for Saltwater and Freshwater Fishing",8.99,3.4,6
B09LYLG3ZF,Fishing Octopus Lures Squid Skirt Trolling Lures Glow Soft Lure Lifelike Octopus Jig for Saltwater Ocean Fishing 5.9Inch,17.99,3.9,18
B09QFQG22S,"Dovesun 30PCS Fluke Bait Set, Soft Plastic Fishing Lures Spilt Tail Lure Jerk Shad Soft Swimbait Set for Trout Pike Bass Fishing 4 | 5in Minnow Bait",14.99,4.2,13
B0B82FMC9B,"Phuayok Large Simulation Squid Fishing Lures Soft Baits Kit, 3D Holographic Eyes Artificial Lures, Built in Multicolored Lead Blocks, Lifelike Plastic Fishing Lures for Saltwater Ocean Fishing",12.99,4.2,4
B0B1D7RY3T,"Imboxx Pre-Rigged Jig Head Fishing Lures, Soft Lures Paddle Tail Swimbaits Realistic Bass Lures Weedless Bass Baits Multi-Color Trout Lures Fishing Jigs for Freshwater and Saltwater",8.99,4.4,24
B09NSBTQF8,"30 Pcs Soft Tail Swimbaits Embedded with Lead Jigs Set,as Bionic Swimming Lure and Diving Soft Fishing Lures in Various Saltwater and Freshwater",16.99,4.0,2
B09HNZVTLR,"Pingjia LYJE03, 7.5cm/2.95in, Grubs Fishing Lure, Soft Baits, Glow-in-The-Dark T-Tail",6.89,4.0,36
B099LCZD38,Vmsixvm Ice Fishing Jigs Tungsten Kit 67/87pcs Glow Ice Fishing Lures Jig Heads Set with Lipless Crankbait Soft Plastic Worm Maggot in Tackle Box Micro Ice Fishing Gear for Winter Jig Crappie Walleye,9.99,4.2,85
B0B6SSP3KS,10pcs Tail Spinners Colorado Willow Blades Fishing Lure Spinner Blades for Soft Plastic/Senko Fishing Lures,9.99,5.0,1
B09VXPFNLD,"Soft Bionic Fishing Lure Fishing Lures Equipment bass Lures Fishing Stuff Simulation Loach Soft Bait, 10 pcs Slow Sinking Bionic Swimming Lures, Fishing Bait",6.99,3.4,3
B09GM28775,"PLUSINNO Wacky Worm Fishing Lure Kit, Soft Plastic Fishing Lures, Grub Baits Hook Wacky Rig Bass Trout Fishing Worms Lures w/ Tackle Box",9.99,4.5,538
B0B488WYY1,5pcs Bulk Top Water Fishing Lures Kit Soft Rubber Rat Mouse Mice Bass Fishing Lures Saltwater Topwater Floating Bait and Lure,17.99,4.4,3
B09TLHBPRD,"Delong Lures - 6"" Bass Witch Weedless Worm Baits, Anise Scented Animated Lures for Freshwater & Saltwater, Soft Worm Baits with Weedless Hooks for Largemouth Bass, Northern Pike, Smallmouth Bass, and Other Sport Fish",19.95,4.1,45
B09SYSR9G4,"30pcs Luminous Octopus Skirts Soft Plastic Trolling Lure Squid Skirts Fishing Hoochie Bait Lures Size: 1.97""/2.76""/3.54""",8.99,4.5,2
B09V7R569D,"THKFISH Fishing Treble Hooks Rigs Pike Stinger Rig Pike Fishing Stinger Hooks for Soft Lures Shallow Rig S,M,L 6PCS/2PCS",11.99,3.5,12
B09C21PXN7,"Goture 10pcs Rattle Fishing Soft Lure - Freshwater & Saltwater Bass Fishing Worm Bait Swimbait for Black Bass, Topmouth Culter",8.59,4.1,12
B0BRLCMQW7,PB Fish Sand EEL Lure 3 Pack Strong Hooks,8.99,5.0,1
B09TRTCWRV,FLE-FLY Crappie Kickers Soft Plastic Baits with Thin Vibrating Tail,6.49,4.5,47
B09ZQLQGZZ,"nako. Magic Tail Swimbaits, Paddle Tail Swimbaits for Bass Fishing, Soft Plastic Fishing Lure",5.99,5.0,2
B09TJP8WV7,48 PCS/Set Fishing Lures Hard Baits,39.99,5.0,2
B09DLGC8CQ,"Pingjia LYJE08, 10 Pcs, Fishing Soft Lure Bait, Red, Spiral Tail, Swimbaits, 7.5cm/2.95in",6.89,4.0,5
B09V2Q7JCH,"Dovesun Soft Plastic Fishing Lures Kit 15Pcs, Pre-Rigged Jig Head Soft Swimbait for Bass Fishing 5/7oz 3/8oz 2/5oz Paddle Tail Swimbaits 3 Types Lures for Catfish Trout Crappie Bass",16.99,3.8,17
B098NLJ7WM,Fishing Jig Heads Set Unpainted Ball Heads Sharp Fishing Jig Hooks Kit for Soft Plastic Bait Bass Trout Crappie Freshwater Saltwater Fishing Lures,13.99,4.9,9
B09W5F7YLC,RLECS 125pcs 5 Colors Soft Fishing Lure Corn Fishing Corn Soft Baits Fish Beads Feeder Carp Fishing Accessories Tool Artificial Fish Pop Up Bait Corn Shapes Carp Bait,8.77,3.5,3
B0BDD7YB3J,6th Sense Divine Swimbait Soft Plastic,5.99,4.5,199
B0998TGSYS,"MITOBASS Soft Plastic Swimbaits, 50pcs Paddle Tail Swimbaits 2.75/2 inch Natural Oils, Paddle Tail, Hook Slot, Proven Colors Soft Fishing Lures",10.99,4.1,21
B09KR5N9XW,"Delong Lures 8"" Bass Witch Scented Soft Plastic Worm Swimbait Jerk Bait Scented Bass Lure Bait, Soft Plastic Lures for Bass, Pike, and Anything in Between, Bass Lures Baits Tackle",24.95,4.0,12
B0B3D3CNZ7,"Soft Bionic Fishing Lures - 10PCS with Luminous Fishing Equipment Slow Sinking Soft Bionic Fishing Lure - Slow Sinking Bionic Swimming Lures, Fishing Bait for Saltwater & Freshwater+5 Hooks",8.99,4.0,1
B09M2V6948,"Dovesun Soft Plastic Fishing Worms, Soft Worms for Bass Fishing 4"" 8pcs Bellows Stick Floating | Sinking Fishing Lures 8 Colors Wacky Rig Worms Soft Rubber Bait for Freshwater Saltwater",6.99,4.0,19
B09YLC6FDL,Squid Trap Fishing Lures for Saltwater Soft Artificial Rigged Squid Jig Trolling Lures with UV Glow Sea Offshore Fishing…,22.99,4.5,56
B09ND37TZM,"FISHINGKING Soft Plastic Shrimp Lures, 2.6 Inch 7 Pcs Topwater Floating Artificial Creature Bionic Bait Jig, Bass Fishing Shrimp Flavor Skirted Dancing Crawfish",7.99,4.0,9
B09QKLY2KL,"FISHINGKING Paddle Tail Swimbait, 20 Pcs 1.97/2.36/2.76 Inch Soft Body Artificial Bait Plastic Shad Lure for Bass Fishing, Fishy Flavor",7.99,4.2,21
B09ZYQNZKS,FASPLORE 60 pcs Fishing Lures Bass Worm Bait Soft Plastic Fishing Lures Saltwater Freshwater Trout Bass Fishing,7.99,4.5,2
B09Y1MC5W6,JOHNCOO Soft Baits Shad Fishing Lures Paddle Tail Swimbaits Plastic Lures for Bass Trout Fishing Gifts for Men,13.99,4.2,282
B09BQFGNP4,Bombrooster Crawfish Bait Kit-40Pcs Soft Plastic Craw Bait Shrimp with TRD Jig Head,20.99,3.8,14
B09YY99XCN,iLure Octopus Swimbait Soft Squid Fishing Bait Lure kit with Skirt Tail Large Simulation Ocean Fishing 5Pcs/Pack Yellow,7.99,3.6,11
B0BC28ZQV1,6th Sense Fishing Glitch (Soft Plastic),5.99,5.0,2
B0B4Z57127,QualyQualy Fishing 2pcs Luminous Squid Lures Skirts Jig Fishing Octopus Skirts Bait Kit with Hook for Saltwater Trout Bass Soft Fishing Squid Lures Octopus Jig 1.25oz（35g） A B C D E F,12.99,4.6,3
B09GB6D5XY,Trolling Tube Fishing Lures Classic Striped Bass Tube Lures Stainless Steel Fishing Hooks Barrel Swivels Rigged Tube Lures for Cod Fishing Teaser Saltwater Game Fish,12.99,3.9,12
B09VBV1S9T,Cancout 5 Pcs Bionic Swimming Fishing Lures Soft Artificial Bait with Rotating Spins Tail Lure Bass Swimbaits Simulation Loach Saltwater Freshwater Fake Baits for Snakehead Pike Trout,9.89,4.0,9
B0B2JX1MZS,"Tolure Fishing Worm Lures with Salt for Freshwater Fishing, 6 Colors Lifelike Artificial Soft Plastic Senko Worms for Bass, Trout, Walleye, Crappie, Catfish 5.31Inch 10pcs/Pack",9.99,4.2,4
B09B9T8FVV,Pack of 30pcs Octopus Squid Skirts Fishing Lures Trolling Bait Lures Soft Plastic Fishing Bait for Bass Salmon Trout 7cm 9cm 11cm & 6 Colors,13.99,3.0,2
B0B38WG157,"10PCS Soft Bionic Fishing Lure,3.94inch Swimming Bass Lure Mix Color Simulation Loach Soft Bait Slow Sinking Swimbait Freshwater Saltwater Bouncy Fishing Lures Accessories",8.99,3.0,1
B0B8DK5P8C,"Fat Shad Finesse Baits 5"" (6ct) - Bone/Pearl",9.99,4.5,6
B0B1PH4GYC,"Fishing Swimbaits Soft Lure Paddle Tail Bait Kit Including Plastic Lure,4#Worm Hooks,Bullet Lead Weight Swivels and Tackle Box for Trout Redfish Bass(80PCS)",18.89,4.5,2
B09XWXSMNP,JOHNCOO 10pcs Fishing Lures Bionic Loach Soft Baits with Hooks Hopping Swimbaits Jump Lures Freshwater Saltwater for Bass Pike Trout,13.99,4.0,1
B0B8DMSXGL,"Fat Shad Finesse Baits 5"" (6ct) - Olive/Pear",9.99,4.6,7
B09QQN6HL1,"yurenyule Fishing Lures Kit Baits Tackle for Bass Trout Catfish Freshwater Fishing Accessories Tackle kit Box Including Swimbaits Soft Plastic Worms,Jig,Hooks,Tackle Box-186Pcs Fish Gear Set",24.99,1.0,2
B09BQGQXYQ,"Mgotu Craw Baits Kit, 30pcs/40pcs Finesse TRD Ned Rig 2.5in Soft Plastic Lure for Bass Fishing Freshwater Saltwater",20.99,4.0,46
B09LCVS4J2,"ZRM&E 100pcs Soft Stainless Steel Lure Breaker Connecting Pins Soft Fishing Lures Fishing Accessory Tools, Silver",6.98,1.0,1
B09FL3RDPB,"ZWMING Soft Fishing Lures Set, Jig Head Soft Swimbaits, Plastic Baits for Freshwater Salwater Fishing, Bass Trout Walleye Fishing Lures Kit",20.99,5.0,5
B097HYML55,Spotlip Crappie Baits Kit Plastic Shad Minnow Fishing Lures 2 inch/0.035oz for Crappie Panfish Bluegill 100-Piece Kit,14.99,4.6,23
B0BLYWH93K,"Tolure Paddle Tail Lures 5 Colors 10g/pc 4.72inch Soft Plastic Fishing Lures for Bass Trout, Pike, Walleye, Panfish, Swimbait with Special Fish Eyes, Fish Shape and Tail for Freshwater 5pcs/Pack",10.99,5.0,1
B09JLBQ1FV,JOHNCOO Soft Lures Fishing Tackle Set Swimbaits Lures Kit Paddle Tails Craw Baits Curved Tail Grubs Weighted Hooks Swivels Fishing Accessories for Bass Pike Trout in Freshwater or Saltwater,14.99,4.3,41
B0B3W6JM5X,"DTF Ned Rig Worms 2.75'' Soft Plastic Stick baits, Bass Fishing Lures Ned Baits 8pcs for Bass Trout Fishing",3.49,4.5,10
B09BQSS7D1,Bass Fishing Bait Kit Bass Fishing Crappie Soft Lure Tail Craw Bait Creature Baits Shrimp Lobster Claw Bass Soft Lures Baits for Lake Fishing,15.99,4.0,2
B09XGR4G44,"Soft Bionic Fishing Lure 45Pcs, Bass Fishing Lures, Simulation Loach Slow Sinking Bionic Swimming Lures, Bionic Fishing Lure for Saltwater & Freshwater, Suitable for Fishing Lovers Outdoor",9.99,4.2,4
B09WGH2V1P,Kalin's Tickle Shad Fishing Lure (8 Pack),8.85,4.9,11
B09WDQD4QV,"Soft Plastic Fishing Lures with Hooks, Crawfish Artificial Bionic Soft Bug Bait, Fishing Lure for Freshwater Saltwater( 5 Baits + 5 Hooks)",9.59,2.0,1
B0B3JXNZ59,"Delong Lures 6"" Weedless Leggy KILR Fishing Worms for Bass, Pike, and Other Sport Fish, Soft Plastic for Bass Fishing, Pike Fishing Lures Baits Tackle Worms for Fishing",14.95,2.9,3
B0B99CC3XG,"plplaaoo Carp Fishing Bait,30Pcs/Lot Carp Fishing 10/12mm Foam Pop Up Soft Pellets Baits Floating Lure Smell Carp Fishing Bait Boilies Fishing Bait Artificial Floating Ball Beads Feeder",11.09,4.0,1
B09X3TBJPZ,30pcs Luminous Octopus Skirts Soft Plastic Trolling Lure Squid Skirts Fishing Hoochie Bait Lures Size: Orange Blue White,10.99,3.1,2
B09ZYV2MNM,FASPLORE 100 pcs Fishing Bait Soft Lure Mixed Colors Worms Fishing Lures for Bass Crappie Fishing Lures 0.8inch /0.3g,7.99,1.9,3
B0B9Q2TJMK,KOKOPROS Kokanee Fishing- Micro Luminous 4.5 cm Squid Skirts-Assorted 50- PK,16.95,3.0,1
B0B6CYH7QQ,"Octopus Lures Squid Skirt Bait Glow in Dark Luminous Soft Trolling Fishing Lure for Tuna Marlin Dolphin Bass Lure,3/4/6/7inch",8.99,4.3,68
B097ZKXY9B,"THUNDERBELLY 5"" 2pcs Soft Swimbaits for Trophy-Caliber bass",12.99,4.0,3
B09WMHYHYV,Fishing Lures Fishing Equipment Soft Ionic Fishing Lure Bass Lures Bionic Fishing Lure Bass Fishing Fishing Bait,3.99,5.0,1
B0B7KDZKH4,"Delong Lures - The Snake 16' Snake Bass Pike Musky Lure, Soft Plastic Snake Bait, Scented Snake Lures, Large Largemouth Bass Lures",19.97,5.0,1
B09LLN84V3,Squid Trap Fishing Lures for Saltwater Soft Artificial Rigged Squid Jig Trolling Lures with UV Glow Sea Offshore Fishing…,18.99,4.5,56
B09BKMJRJP,Ned Rig Baits Bass Fishing Kit Bass Fishing Crappie Soft Lure Crawfish Bait Shrimp Lobster Claw Topwater Bass Lures for Lake Fishing,15.99,3.0,1
B09X3TF97B,"30pcs Luminous Octopus Skirts Soft Plastic Trolling Lure Squid Skirts Fishing Hoochie Bait Lures Size: 1.97 inches /2.76 inches /3.54 inches (3.54 inches -30pcs, Luminous Orange), Orange,Blue,White",12.99,5.0,3
B09VJ3P36W,Banjo Minnow 102 Piece Kit + Lifelike Lure for All Fish + Durable Material That Catches Fish + Freshwater & Saltwater Fishing Lure + Hooks & Anchors,49.99,3.7,37
B09CD4V7Q8,"Lilureena Fishing Lures Phantom Spider, Soft Lures Hooks Artificial Bait Spider Realistic Swimming Lure for Freshwater Saltwater (1/4 OZ,1.9 Inch)",6.99,3.9,26
B0969MQMQ5,OROOTL Fishing Lures for Bass Pre-Rigged Weedless Soft Plastic Lures Fishing Jig Heads Paddle Tail Swimbaits for Trout Pike Walleye Freshwater Saltwater Fishing,13.99,5.0,1
B09W2C83KF,"2022 New Soft Bionic Fishing Lure Set,Simulation Loach Soft Lure Fishing Bait Slow Sinking Bionic Fishing Swimming Lures for Saltwater Fishing Stuff Simulation Loach Soft Bait (15pcs), Yellow",8.99,3.4,5
B09YQ5J5WZ,"Jig Head Soft Fishing Lures,Crappie baits with VMC Hook,Paddle Tail Swimbaits for Bass Fishing,JoyFishing Fishing Bait for Saltwater Freshwater,Trout Crappie Fishing baits",16.99,5.0,2
B09X44DHYN,Fishing Shrimp Lures Soft Silicone Shrimp Fishing Lures Luminous Shrimp Lure Set with Sharp Hooks Fishing Tackles for Bass Trout Salmon Freshwater Saltwater Fishing,9.99,3.7,21
B0BKTGG2F1,"EliasVFishing 4.5"" Extreme Paddletail Shad - Soft Plastic Lure for Striped Bass, Redfish, Trout, Jigging & More!",10.99,5.0,4
B0BD1L7LG8,6pcs Swim Squid Fishing Lures Saltwater and Freshwater for Perch Walleye Pike Muskie Trout Tuna,9.88,4.5,2
B09F5LW2PH,DECOnology Multi-Joint Fshing Lure Segment Swimbait Realistic Bait Sets for Ice Animation Bait Bass Lures Trout Baits Topwater Fishing Lures Combination,12.99,4.4,23
B09C21YPGX,"Goture 10pcs Rattle Fishing Soft Lure - Freshwater & Saltwater Bass Fishing Bait Swimbait T-Tail Bait for Black Bass, Topmouth Culter",8.99,1.7,3
B0B1N51KPN,"Fisherman Gifts for Friend Fishing Buddy, Funny Engraved Fishing Lures Hook Fishing Lovers Gift, Stainless Steel Lures Men Friend Fishing Lover Gift Ideas",8.99,5.0,1
B09N8RCVKH,"Avlcoaky Frog Lure Bass Fishing Lure, Top Water Double Propeller Frog Soft Bait Fishing Frogs, Floating Weedless Plastic Swimbaits",3.49,3.8,23
B099S67RZY,Fishing Lures Jig Head Hooks Kits - 17pcs Grub Bait Lures Soft Plastic Grub Tail Worm Lure Tubes Baits for Bass Trout Walleye Crappie,9.99,4.7,4
B09SKNHZL7,"5 pcs/Box Fishing Lure for Bass,Trout,Walleye,Predator., Yellow, 3.9 inch",18.89,4.5,4
B09FF9862P,Lead Head Jigs Soft Fishing Lures Swimbaits with Hooks Sinking Baits for Saltwater & Freshwater(5pcs/Set),10.99,4.6,11
B09KZ9NTMR,"FRESHBAITZ Bass Fishing Scorpion Sampler Kit | Soft Plastic Fishing Lures for Bass Trout, Fishing Lures Box, Lifelike Fishing Lures Kit",44.99,4.5,25
B09TV2FSC7,Remembrance Fishing Lure Fishing in Heaven Forever in My Heart Personalized Remembrance Gift,9.99,1.0,1
B096SJFKWJ,Crappie-Baits- Plastics-Jig-Heads-Kit-Minnow-Fishing-Lures-for Crappie-Panfish-Bluegill-20Piece Kit - 15 Bodies- 5 Crappie Jig Heads,7.99,4.3,112
B0BD4CMMK1,"216PCS Fishing Lures for Freshwater,Fishing Lures Baits Tackle Soft Plastic Worms Lures Crankbait Jigs Fishing Hooks,Saltwater Freshwater Soft Bait and Hook Fishing Kit for Bass",24.99,4.1,21
B09C27P9F2,"6 Pack Bass Fishing Jig Lure with Swivel Snap Connectors, Paddle Tail Swimbaits, Fishing Lures for Bass, Trout Fishing Baits, Weedless Soft Plastic Lures for Freshwater Saltwater",9.58,4.2,5
B0B3Z7J4RC,6th Sense Fishing Sweep,14.99,5.0,4
B09D3KX1S3,Doorslay 100pcs 4cm Soft Artificial Fishing Lures Soft Plastic Bass Lure Swimbait Tail Grub Lures Worm Moggot Grub Lures Baits for Bass Trout,6.98,4.3,5
B09CKNVR9T,"WIMSSERT Fishing Lures Baits Tackle Including Unique Minnow, Crankbaits, Spinnerbaits, Plastic Worm, Jig, Double Side Tackle Box and Fishing Gear Lures Kit Set, 35Pcs/98Pcs/190pcs Fishing Lure Tackle",30.79,4.5,15
B09R917RMP,"Gary Yamamoto 5'' SENKO Rainbow Trout/#317 (10 Pack), Multicolor (YAM-9-10-908/317)",7.99,5.0,2
B09J4H31WW,"Fishing Worms Soft 200Pcs Fake Earthworm,Plastic Soft Stretchy Realistic Earthworms Simulated Fishing Lures baits for Halloween April fool's Day Party",8.44,3.5,4
B09V6XTW65,Googan Baits Blazin Worm - Swimming Speed Worm,13.95,4.2,25
B0B3W772WZ,"DTF Ned Rig Worms 2.75'' Soft Plastic Stick baits, Bass Fishing Lures Ned Baits 8pcs for Bass Trout Fishing",3.49,4.5,10
B0B3JCRFF9,"Xhope4u Simulation Fake Corn Soft Baits Ball Carp Fishing Lures Floating Baits Ball with Nice Scent for Carp Fishing,Trout Fishing,Cat Fish,Ball Shape,50 pcs",9.99,4.3,3
B09X4RSJX6,"Moose Baits 1/8oz Curly Tail Grub Fishing Jigs, Round Ball Head Jig, Panfish Softbait, Crappie Bait, Crappie Fishing Jig, Soft Plastic Worm Swimbaits, Tackle for Crappie Bass Trout 7 Count (White)",7.27,4.0,2
B09HWHW9NW,6th Sense Fishing Vega Frog Topwater Lure,13.99,4.9,36
B0B2KMT5H6,6th Sense Fishing Munch 40,9.99,5.0,2
B09BD971PQ,"LUCKYMEOW Topwater Frog Lures Soft Frog Swimbaits with Weedless Fishing Lures Topwater Fishing Soft Bait Kit for Bass Trout Snakehead Musky Salmon,Freshwater Saltwater Fishing",14.98,4.4,15
B0B17KSC3T,Rab-Shad,7.99,5.0,1
B09GYRQF45,"Yo-Zuri R1412-RMT: 3D Inshore Popper (F) 120Mm 4-3/4"", Real Mullet",9.99,4.8,8
B0BLGK6L35,JOHNCOO Multi Jointed Swimbaits Kit Fishing Lures for Bass Trout Slow Sinking Freshwater Saltwater Lifelike Fishing Baits Box Gifts for Men,17.99,4.6,40
B09YLXHPQP,"10PCS Soft Bionic Fishing Lure, Slow Sinking Bionic Swimming Lures, Creative Realistic Can Bounce Fishing Stuff Simulation Loach Soft Bait Fishing Lures for Outdoor Saltwater Freshwater Fishing",3.22,3.4,5
B09V6TJY3G,"Fishfun Wacky Rig Tool with Silicone O Rings, 100Pcs for 3""-4"" Senko Worms and 100Pcs for 5""-7"" Worms. Easy Installation and Great Protection of Your Plastic Worms",12.99,4.6,248
B09BBP81XB,"Darth Water Lures, Micro Glow Sticks, 10-Pack, Chartreuse Color",6.49,5.0,1
B09TRTGRJY,FLE-FLY Go Go Minnows Soft Plastic Baits with Vibrating Curl Tail,6.49,4.6,24
B0B4ZCWY9Y,Soft Plastic Fishing Lure Injection Mold for Sexy Drop Shot Worm DIY Soft Bait Lure Making Tool,33.99,5.0,1
B0B2RR5R8J,"Topwater Bass Fishing Lures Set, Multi Jointed & Hard Swimbait, Soft Frog & Spider Bait, Plopping Propeller Tail, Bigger Splash Whopping, 3D Eyes Lifelike Body Pattern, Barbed Hooks, for Trout Snakehead Pike, 8 pcs",18.98,5.0,1
B0BL3ZG7J3,Capt Jay Fishing Trolling Fishing Lures Offshore Inshore Game Fishing Jet Head Octopus Skirts trolling Lure mahimahi Fishing trolling Lure 5 inch 6 inch,32.98,4.5,197
B09DXP2RK7,Blitz Lures - Power Tail Soft Plastic Swim Bait Paddle Tail Trailers Multi Pack Made in USA,8.99,5.0,1
B09TRW2N62,"Rosewood 3-Jointed Paddle Tail Swimbait Big T Tail Soft Lures with rig Set for Pike Fishing,Pike Lure 6.3in. 8.6in",9.98,4.5,2
B09MYW9KP9,"Pack of 8 pcs Senko Worms Soft Stick Plastic Lures for Bass,Salt Impreatation Worm Baits for Grub Baits Hook Wacky Rig,Carolina Rig, Texas Rig,no Sinker Rig,splt Shot Rig.(5/6 inches)",7.99,3.5,2
B09DDH182Y,Capt Jay Fishing Offshore Big Game Trolling Lure for Marlin Tuna Mahi Wahoo Trolling Lures (Golden Monster-Length 13.5 inch ),29.98,4.5,57
B0B3QLHTYJ,"Catch Co. Mike Bucca's Bull Mullet | 5.5"" 1.5 oz | Swimbait",19.99,5.0,1
B0B5WPBS9P,"Drop Shot Swimbait Hooks,50pcs in-line Drop Shot Rig Hooks Swivel Soft Plastic Worm Hooks for Bass,Perch Fishing Size 2/0,3/0,4/0",11.99,3.7,8
B09V97PPSV,"Pure Crappie Pig Tail Pro - White/Chartreuse 2.5” - 20 Pack – Curly Tail Grub Lure Perfect Soft Plastic Artificial Bait for Crappie, Walleye, Smallmouth Bass and Many Species of Fish",9.99,3.5,2
B09WJNW4YZ,Nomad Design Slipstream 140 Flying Fish,39.99,4.5,9
B09C1YK3PM,"Soft Plastic Crawfish Bait Fishing Lure for Crappie, Bass, Bluegill, White Perch, Sunfish, Speckled Trout All Panfish Softlure Artificial Crayfish Lures Bait Drop Shot Rig Lure Slow Sinking",15.99,3.6,4
B0B1RPYSF5,"Pure Crappie Pig Tail - Pink/Chartreuse 2” - 20 Pack – Curly Tail Grub Lure Perfect Soft Plastic Artificial Bait for Crappie, Walleye, Smallmouth Bass and Many Species of Fish",9.99,3.5,2
B0B1QVSJ7P,"Pure Crappie Pig Tail Pro - Monkey Milk 2.5'' - 20 Pack – Curly Tail Grub Lure Perfect Soft Plastic Artificial Bait for Crappie, Walleye, Smallmouth Bass and Many Species of Fish, White, Chartreuse",9.99,4.0,1
B09WG1XZQB,Kalin's Tickle Shad Fishing Lure (8 Pack),8.99,4.9,11
B097DD32BB,BEARKING Fishing Lures 135mm 1oz Jointed Minnow Wobblers ABS Body with Soft Tail SwimBaits Soft Lure for Pike and bass,9.99,4.5,34
B09Q2S77LK,Frog Soft Fishing Lures 3Pcs Box Set Swimbaits for Bass Trout for Freshwater and Saltwater Fishing Gifts for Men,11.98,4.7,4
B09W5KYL3V,"Soft Bionic Fishing Lure, Artificial Fishing Lures for Saltwater & Freshwater, Fishing Equipment Lures Fishing Stuff Simulation Loach Soft Lure 8cm-7g Suitable for Fishing Lovers Outdoor (10PCS)",13.99,3.9,7
B09TPJ7NG2,"JoyFishing Top Water Frogs Bass Fishing Lures, Popping Frog Lures for Bass Fishing, Weedless Hollow Body Frogs Lures",11.89,4.8,5
B0B6WMC8Y1,"Topwater Soft Frog Fishing Baits for Bass Snakehead, Popper Mouth Bigger Spray More Attractive, 3D Eyes Lifelike Silicone Skin 2 Barbed Hooks, Fishing Lure Set for Bass Snakehead Pike Trout 8pcs",11.99,3.6,5
B09YHK7TK2,"Weighted Swimbait Hooks,Jig Heads Fishing Hooks with Twistlock,Soft Plastic Worm Fishing Hook 2g/2.5g/3g/5.25g/7g,JoyFishing Fishing Hooks Extra Wide Gap Hook with Lead",16.49,5.0,2
B09XF1F1QZ,"SONGTIY Soft Bionic Fishing Lure, 6PCS Realistic Swimming Loach Bait Lures, Saltwater & Freshwater Fishing Bait, Suitable for Fishing Lovers Outdoor",3.99,4.0,3
B09Y284H9P,"Frog Fishing Lure Kits with 5 Pcs of Frog Soft Baits,as Topwater Lures and Artificial Soft Baits for Bass Snakehead",9.99,5.0,1
B09QW3FN4X,"YUWOSUOYYE Saltwater Trolling Bait Kit (10"") Contains 1 jig Head and 3 PVC Bodies per Pack for Tuna Fishing.",19.9,4.0,1
B09TQW66ZB,"100Pack Soft Plastic Lures, T-Tail Soft Baits, Soft Paddle Tail Baits for Saltwater Freshwater",13.99,3.0,2
B09BMSKCJ8,"Honicol Fishing Lures for Bass Topwater Frog Lure - Weedless Lures Soft Plastic Fishing Bait, 5pcs Toad Lures with Tackle Box",19.99,3.7,4
B09X9RPZNL,QualyQualy Swim Baits Lures for Bass Fishing Worms for Bass Trout Walleye Soft Bait,10.99,4.0,2
B0B8CTY665,Innovative Soft Lures for Bass Fishing,7.98,5.0,1
B09TRQ42VK,FLE-FLY Crappie Kickers Soft Plastic Baits with Thin Vibrating Tail,6.49,4.5,47
B09R1R72M8,Fishing Lures Soft Lures Shrimp Bait Set for Freshwater Saltwater,16.99,5.0,1
B09VSWMJWM,"Soft Bionic Fishing Lure, Simulation Loach Plastic Shrimp Oil Smell Fishing Bait, Slow Sinking Bionic Swimming Lures for Saltwater & Freshwater",13.98,3.7,3
B09ZY9TGSK,Crappie-Baits- Plastics-Jig-Heads-Kit-Shad-Minnow-Fishing-Lures-for Crappie-Panfish-Bluegill-40 &135 Piece Kit,32.99,4.3,569
